Word,WPM,Error_Rate,Error_and_Backspace_Rate
In,67.396336,0.000000,0.000000
the,228.106880,0.000000,0.000000
beginning,152.201015,0.000000,0.000000
God,124.835953,0.000000,0.000000
created,218.262292,0.000000,0.000000
heaven,149.168269,0.000000,0.000000
and,194.422181,0.000000,0.000000
earth,38.658470,0.200000,0.400000
In,77.537015,0.000000,0.000000
the,228.349086,0.000000,0.000000
beginning,160.865690,0.000000,0.000000
God,119.709193,0.000000,0.000000
created,227.227110,0.000000,0.000000
heaven,181.999483,0.000000,0.000000
and,210.733726,0.000000,0.000000
earth,190.000163,0.000000,0.000000
But,49.757225,0.000000,0.000000
the,227.523253,0.000000,0.000000
earth,191.318437,0.000000,0.000000
was,12.227659,3.333333,6.666667
empty,145.192353,0.000000,0.000000
and,214.642943,0.000000,0.000000
unoccupied,131.245141,0.000000,0.000000
and,127.694484,0.000000,0.000000
darknesses,133.925230,0.000000,0.000000
were,159.033141,0.000000,0.000000
over,25.382284,1.750000,2.250000
the,227.885172,0.000000,0.000000
face,176.479694,0.000000,0.000000
of,186.581087,0.000000,0.000000
the,193.064876,0.000000,0.000000
abyss,91.879733,0.000000,0.000000
and,254.063934,0.000000,0.000000
so,155.669118,0.000000,0.000000
the,259.744531,0.000000,0.000000
Spirit,112.133383,0.000000,0.000000
of,186.662418,0.000000,0.000000
God,127.884498,0.000000,0.000000
was,196.390440,0.000000,0.000000
brought,209.755706,0.000000,0.000000
over,159.590056,0.000000,0.000000
the,235.391096,0.000000,0.000000
waters,132.745155,0.000000,0.000000
And,53.380629,0.000000,0.000000
God,126.096258,0.000000,0.000000
said,208.964509,0.000000,0.000000
Let,100.803418,0.000000,0.000000
there,200.514123,0.000000,0.000000
be,112.110192,0.000000,0.000000
light,176.868913,0.000000,0.000000
And,133.099138,0.000000,0.000000
light,186.191965,0.000000,0.000000
became,41.115653,0.166667,0.333333
And,64.593054,0.000000,0.000000
God,100.855837,0.000000,0.000000
saw,168.544558,0.000000,0.000000
the,209.314193,0.000000,0.000000
light,200.255117,0.000000,0.000000
that,186.930159,0.000000,0.000000
it,210.266953,0.000000,0.000000
was,191.658425,0.000000,0.000000
good,121.025938,0.000000,0.000000
and,19.335909,1.666667,3.333333
so,98.644766,0.000000,0.000000
he,140.747767,0.000000,0.000000
divided,165.509288,0.000000,0.000000
the,194.147209,0.000000,0.000000
light,191.690406,0.000000,0.000000
from,43.793376,0.500000,1.000000
the,195.061742,0.000000,0.000000
darknesses,138.438517,0.000000,0.000000
And,59.142638,0.000000,0.000000
he,170.455292,0.000000,0.000000
called,85.749893,0.000000,0.000000
the,209.442549,0.000000,0.000000
light,190.644610,0.000000,0.000000
Day,69.976742,0.000000,0.000000
and,157.184131,0.000000,0.000000
the,252.511915,0.000000,0.000000
darknesses,131.827682,0.000000,0.000000
Night,114.296499,0.000000,0.000000
And,81.034173,0.000000,0.000000
it,129.218380,0.000000,0.000000
became,154.158537,0.000000,0.000000
evening,178.438951,0.000000,0.000000
and,235.780272,0.000000,0.000000
morning,147.003795,0.000000,0.000000
one,167.461369,0.000000,0.000000
day,199.390711,0.000000,0.000000
God,101.600240,0.000000,0.000000
also,134.770401,0.000000,0.000000
said,197.601749,0.000000,0.000000
Let,97.745466,0.000000,0.000000
there,190.970094,0.000000,0.000000
be,139.648697,0.000000,0.000000
a,227.360868,0.000000,0.000000
firmament,161.016853,0.000000,0.000000
in,153.407058,0.000000,0.000000
the,232.596407,0.000000,0.000000
midst,95.617927,0.000000,0.000000
of,154.775075,0.000000,0.000000
the,252.369618,0.000000,0.000000
waters,123.058469,0.000000,0.000000
and,314.774607,0.000000,0.000000
let,167.770514,0.000000,0.000000
it,130.259261,0.000000,0.000000
divide,143.475176,0.000000,0.000000
waters,133.947303,0.000000,0.000000
from,167.604447,0.000000,0.000000
waters,106.088901,0.000000,0.000000
And,109.622947,0.000000,0.000000
God,114.731665,0.000000,0.000000
said,213.754312,0.000000,0.000000
Let,101.230339,0.000000,0.000000
there,200.569148,0.000000,0.000000
be,143.153560,0.000000,0.000000
light,199.401832,0.000000,0.000000
And,157.494058,0.000000,0.000000
light,169.860151,0.000000,0.000000
became,173.699374,0.000000,0.000000
In,85.270455,0.000000,0.000000
the,229.765289,0.000000,0.000000
beginning,160.886605,0.000000,0.000000
God,42.057885,0.333333,0.666667
created,221.014384,0.000000,0.000000
heaven,179.960247,0.000000,0.000000
and,250.177595,0.000000,0.000000
earth,51.410873,0.200000,0.400000
In,79.911375,0.000000,0.000000
the,228.556207,0.000000,0.000000
beginning,158.336742,0.000000,0.000000
God,89.794285,0.000000,0.000000
created,204.805871,0.000000,0.000000
heaven,87.446883,0.000000,0.000000
and,278.974224,0.000000,0.000000
earth,210.149477,0.000000,0.000000
And,110.022152,0.000000,0.000000
God,107.136113,0.000000,0.000000
made,160.064072,0.000000,0.000000
a,119.954914,0.000000,0.000000
firmament,154.853169,0.000000,0.000000
and,251.244589,0.000000,0.000000
he,154.961596,0.000000,0.000000
divided,155.776898,0.000000,0.000000
the,193.897360,0.000000,0.000000
waters,123.001965,0.000000,0.000000
that,109.458306,0.000000,0.000000
were,160.441197,0.000000,0.000000
under,210.166504,0.000000,0.000000
the,213.076703,0.000000,0.000000
firmament,160.894875,0.000000,0.000000
from,168.791576,0.000000,0.000000
those,234.922262,0.000000,0.000000
that,93.452617,0.000000,0.000000
were,154.639420,0.000000,0.000000
above,120.001913,0.000000,0.000000
the,229.144189,0.000000,0.000000
firmament,146.072224,0.000000,0.000000
And,158.613097,0.000000,0.000000
so,113.580097,0.000000,0.000000
it,167.980341,0.000000,0.000000
became,158.771139,0.000000,0.000000
And,132.690538,0.000000,0.000000
God,104.922517,0.000000,0.000000
called,136.837140,0.000000,0.000000
the,226.080752,0.000000,0.000000
firmament,161.243054,0.000000,0.000000
Heaven,116.831031,0.000000,0.000000
And,101.030117,0.000000,0.000000
it,210.946875,0.000000,0.000000
became,180.086072,0.000000,0.000000
evening,180.054028,0.000000,0.000000
and,251.810963,0.000000,0.000000
morning,152.139642,0.000000,0.000000
the,192.523337,0.000000,0.000000
second,173.952528,0.000000,0.000000
day,168.241844,0.000000,0.000000
Truly,108.566584,0.000000,0.000000
God,133.554095,0.000000,0.000000
said,223.621552,0.000000,0.000000
Let,97.038977,0.000000,0.000000
the,230.948396,0.000000,0.000000
waters,133.501786,0.000000,0.000000
that,168.076899,0.000000,0.000000
are,115.051712,0.000000,0.000000
under,193.840986,0.000000,0.000000
heaven,114.680605,0.000000,0.000000
be,152.898342,0.000000,0.000000
gathered,193.569268,0.000000,0.000000
together,197.866626,0.000000,0.000000
into,209.580964,0.000000,0.000000
one,120.031263,0.000000,0.000000
place,198.720029,0.000000,0.000000
and,249.642533,0.000000,0.000000
let,147.997747,0.000000,0.000000
the,21.428725,1.666667,3.333333
dry,133.646850,0.000000,0.000000
land,168.350801,0.000000,0.000000
appear,152.997322,0.000000,0.000000
And,127.236701,0.000000,0.000000
so,60.343262,0.000000,0.000000
it,243.061131,0.000000,0.000000
became,163.602857,0.000000,0.000000
And,15.916541,1.666667,3.333333
God,53.070716,0.000000,0.000000
called,141.845567,0.000000,0.000000
the,251.200473,0.000000,0.000000
dry,157.119355,0.000000,0.000000
land,185.669026,0.000000,0.000000
Earth,108.775267,0.000000,0.000000
and,181.772509,0.000000,0.000000
he,19.379515,1.000000,2.000000
called,148.388774,0.000000,0.000000
the,251.689846,0.000000,0.000000
gathering,43.631075,0.888889,1.777778
of,168.097547,0.000000,0.000000
the,236.303213,0.000000,0.000000
waters,80.037911,0.000000,0.000000
Seas,104.869623,0.000000,0.000000
And,110.688185,0.000000,0.000000
God,96.198591,0.000000,0.000000
saw,148.577033,0.000000,0.000000
that,161.681821,0.000000,0.000000
it,167.605696,0.000000,0.000000
was,157.824710,0.000000,0.000000
good,115.838856,0.000000,0.000000
And,50.431186,0.000000,0.000000
then,196.976717,0.000000,0.000000
God,127.392167,0.000000,0.000000
said,198.219800,0.000000,0.000000
Let,96.498827,0.000000,0.000000
the,194.416106,0.000000,0.000000
waters,132.871935,0.000000,0.000000
produce,169.333086,0.000000,0.000000
animals,155.002918,0.000000,0.000000
with,160.163314,0.000000,0.000000
a,868.301964,0.000000,0.000000
living,194.498483,0.000000,0.000000
soul,174.545142,0.000000,0.000000
and,237.505392,0.000000,0.000000
flying,153.057622,0.000000,0.000000
creatures,198.768539,0.000000,0.000000
above,183.910005,0.000000,0.000000
the,251.936970,0.000000,0.000000
earth,190.730747,0.000000,0.000000
under,212.252787,0.000000,0.000000
the,255.556432,0.000000,0.000000
firmament,160.953906,0.000000,0.000000
of,210.060216,0.000000,0.000000
heaven,157.494296,0.000000,0.000000
And,39.216388,0.000000,0.000000
God,120.330460,0.000000,0.000000
created,229.616222,0.000000,0.000000
the,228.362312,0.000000,0.000000
great,246.974386,0.000000,0.000000
sea,97.057762,0.000000,0.000000
creatures,116.559799,0.000000,0.000000
and,252.996330,0.000000,0.000000
everything,55.947863,0.600000,0.800000
with,159.877612,0.000000,0.000000
a,208.855367,0.000000,0.000000
living,179.912759,0.000000,0.000000
soul,188.240115,0.000000,0.000000
and,193.578261,0.000000,0.000000
the,140.037249,0.000000,0.000000
ability,164.832767,0.000000,0.000000
to,152.788467,0.000000,0.000000
move,123.551005,0.000000,0.000000
that,134.526063,0.000000,0.000000
the,148.401390,0.000000,0.000000
waters,132.770026,0.000000,0.000000
produced,187.484727,0.000000,0.000000
according,157.457265,0.000000,0.000000
to,120.758626,0.000000,0.000000
their,233.043058,0.000000,0.000000
species,150.736805,0.000000,0.000000
and,284.408728,0.000000,0.000000
all,147.090383,0.000000,0.000000
the,193.442551,0.000000,0.000000
flying,187.067589,0.000000,0.000000
creatures,64.822596,0.777778,0.888889
according,186.059705,0.000000,0.000000
to,152.591322,0.000000,0.000000
their,233.236269,0.000000,0.000000
kind,168.386585,0.000000,0.000000
And,139.552733,0.000000,0.000000
God,126.041005,0.000000,0.000000
saw,156.065005,0.000000,0.000000
that,162.365745,0.000000,0.000000
it,167.709957,0.000000,0.000000
was,158.315296,0.000000,0.000000
good,134.389396,0.000000,0.000000
And,55.353343,0.000000,0.000000
he,17.197357,2.500000,3.000000
blessed,155.901654,0.000000,0.000000
them,183.836346,0.000000,0.000000
saying,76.722380,0.166667,0.333333
Increase,30.271011,0.750000,1.000000
and,258.367936,0.000000,0.000000
multiply,134.868639,0.000000,0.000000
and,209.585637,0.000000,0.000000
fill,130.363100,0.000000,0.000000
the,192.748182,0.000000,0.000000
waters,129.344656,0.000000,0.000000
of,189.258789,0.000000,0.000000
the,215.126509,0.000000,0.000000
sea,193.455701,0.000000,0.000000
And,158.503125,0.000000,0.000000
let,157.402635,0.000000,0.000000
the,25.552818,1.333333,2.666667
birds,142.477802,0.000000,0.000000
be,111.649908,0.000000,0.000000
multiplied,145.793906,0.000000,0.000000
above,127.914320,0.000000,0.000000
the,230.708263,0.000000,0.000000
land,180.644011,0.000000,0.000000
And,114.907522,0.000000,0.000000
he,139.835155,0.000000,0.000000
said,211.138713,0.000000,0.000000
Let,105.148827,0.000000,0.000000
the,251.790709,0.000000,0.000000
land,226.272248,0.000000,0.000000
spring,148.214379,0.000000,0.000000
forth,123.767684,0.000000,0.000000
green,98.454389,0.000000,0.000000
plants,201.186467,0.000000,0.000000
both,189.448298,0.000000,0.000000
those,199.917324,0.000000,0.000000
producing,210.274077,0.000000,0.000000
seed,135.693196,0.000000,0.000000
and,279.317979,0.000000,0.000000
fruit,161.949748,0.000000,0.000000
bearing,220.246971,0.000000,0.000000
trees,135.657408,0.000000,0.000000
producing,205.681951,0.000000,0.000000
fruit,175.224696,0.000000,0.000000
according,56.671979,0.555556,0.666667
to,169.142658,0.000000,0.000000
their,261.789713,0.000000,0.000000
kind,73.529881,0.250000,0.500000
whose,182.956820,0.000000,0.000000
seed,136.067912,0.000000,0.000000
is,185.636788,0.000000,0.000000
within,173.139625,0.000000,0.000000
itself,212.234980,0.000000,0.000000
over,159.782221,0.000000,0.000000
all,133.143449,0.000000,0.000000
the,179.085814,0.000000,0.000000
earth,185.044626,0.000000,0.000000
And,125.861872,0.000000,0.000000
so,169.890131,0.000000,0.000000
it,208.258821,0.000000,0.000000
became,148.560083,0.000000,0.000000
And,97.181911,0.000000,0.000000
the,68.524215,0.000000,0.000000
land,152.931729,0.000000,0.000000
brought,179.515643,0.000000,0.000000
forth,167.826293,0.000000,0.000000
green,160.925238,0.000000,0.000000
plants,211.822363,0.000000,0.000000
both,160.259648,0.000000,0.000000
those,191.096008,0.000000,0.000000
producing,177.147428,0.000000,0.000000
seed,133.462438,0.000000,0.000000
according,47.101212,0.666667,0.888889
to,131.331494,0.000000,0.000000
their,262.183329,0.000000,0.000000
kind,167.551067,0.000000,0.000000
and,276.674872,0.000000,0.000000
trees,108.464668,0.000000,0.000000
producing,179.726775,0.000000,0.000000
fruit,156.562305,0.000000,0.000000
with,140.473422,0.000000,0.000000
each,209.763606,0.000000,0.000000
having,164.328377,0.000000,0.000000
its,193.060492,0.000000,0.000000
own,140.071250,0.000000,0.000000
way,101.993242,0.000000,0.000000
of,187.604383,0.000000,0.000000
sowing,162.463351,0.000000,0.000000
according,161.795253,0.000000,0.000000
to,152.376128,0.000000,0.000000
its,119.829678,0.000000,0.000000
species,98.438219,0.000000,0.000000
And,142.514394,0.000000,0.000000
God,119.805898,0.000000,0.000000
saw,167.936110,0.000000,0.000000
that,152.935549,0.000000,0.000000
it,189.970294,0.000000,0.000000
was,179.766743,0.000000,0.000000
good,115.957784,0.000000,0.000000
And,102.147222,0.000000,0.000000
it,186.154553,0.000000,0.000000
became,174.133173,0.000000,0.000000
evening,173.934479,0.000000,0.000000
and,228.663694,0.000000,0.000000
the,193.123368,0.000000,0.000000
morning,150.769990,0.000000,0.000000
the,192.968373,0.000000,0.000000
third,174.988596,0.000000,0.000000
day,179.743364,0.000000,0.000000
Then,112.252382,0.000000,0.000000
God,104.627829,0.000000,0.000000
said,213.921416,0.000000,0.000000
Let,93.563057,0.000000,0.000000
there,185.263288,0.000000,0.000000
be,140.449386,0.000000,0.000000
lights,219.041748,0.000000,0.000000
in,165.139052,0.000000,0.000000
the,235.505440,0.000000,0.000000
firmament,56.611370,0.333333,0.666667
of,185.555253,0.000000,0.000000
heaven,164.154312,0.000000,0.000000
And,147.942811,0.000000,0.000000
let,62.011958,0.000000,0.000000
them,159.508612,0.000000,0.000000
divide,137.598678,0.000000,0.000000
day,132.637706,0.000000,0.000000
from,160.197850,0.000000,0.000000
night,170.901610,0.000000,0.000000
and,251.756618,0.000000,0.000000
let,149.054711,0.000000,0.000000
them,159.796183,0.000000,0.000000
become,153.798258,0.000000,0.000000
signs,162.008712,0.000000,0.000000
both,130.949127,0.000000,0.000000
of,186.625154,0.000000,0.000000
the,214.147226,0.000000,0.000000
seasons,59.009922,0.428571,0.857143
and,251.597327,0.000000,0.000000
of,152.816931,0.000000,0.000000
the,211.389506,0.000000,0.000000
days,105.442537,0.000000,0.000000
and,210.597807,0.000000,0.000000
years,167.903641,0.000000,0.000000
Let,97.162473,0.000000,0.000000
them,162.118031,0.000000,0.000000
shine,116.868809,0.000000,0.000000
in,112.595878,0.000000,0.000000
the,50.844141,0.333333,0.666667
firmament,165.457977,0.000000,0.000000
of,140.524136,0.000000,0.000000
heaven,34.445418,1.166667,1.500000
and,209.569422,0.000000,0.000000
illuminate,125.666120,0.000000,0.000000
the,229.145815,0.000000,0.000000
earth,168.304594,0.000000,0.000000
And,105.358344,0.000000,0.000000
so,98.641682,0.000000,0.000000
it,155.881969,0.000000,0.000000
became,175.371828,0.000000,0.000000
And,121.106401,0.000000,0.000000
God,120.377536,0.000000,0.000000
made,30.952479,1.000000,1.250000
two,115.585887,0.000000,0.000000
great,221.510847,0.000000,0.000000
lights,208.598234,0.000000,0.000000
a,139.070455,0.000000,0.000000
greater,217.514660,0.000000,0.000000
light,168.456806,0.000000,0.000000
to,145.346260,0.000000,0.000000
rule,145.852087,0.000000,0.000000
over,24.649165,1.500000,2.000000
the,224.666379,0.000000,0.000000
day,148.935651,0.000000,0.000000
and,209.718522,0.000000,0.000000
a,86.119311,0.000000,0.000000
lesser,125.984116,0.000000,0.000000
light,174.307417,0.000000,0.000000
to,140.329069,0.000000,0.000000
rule,159.976186,0.000000,0.000000
over,152.443195,0.000000,0.000000
the,199.319965,0.000000,0.000000
night,161.534989,0.000000,0.000000
along,198.030522,0.000000,0.000000
with,136.228054,0.000000,0.000000
the,179.904794,0.000000,0.000000
stars,144.946728,0.000000,0.000000
And,10.418739,0.000000,0.333333
he,17.622178,0.000000,0.000000
set,120.666076,0.000000,0.000000
them,25.401142,0.000000,0.250000
in,128.943598,0.000000,0.000000
the,206.198774,0.000000,0.000000
firmament,152.386356,0.000000,0.000000
of,187.311540,0.000000,0.000000
heaven,152.663792,0.000000,0.000000
to,172.706150,0.000000,0.000000
give,152.829154,0.000000,0.000000
light,200.263461,0.000000,0.000000
over,163.597887,0.000000,0.000000
all,125.756408,0.000000,0.000000
the,195.068659,0.000000,0.000000
earth,72.956496,0.200000,0.400000
and,44.592446,0.000000,0.000000
to,155.842473,0.000000,0.000000
rule,146.066608,0.000000,0.000000
over,167.956361,0.000000,0.000000
the,209.004305,0.000000,0.000000
day,21.476198,2.000000,2.666667
as,129.693525,0.000000,0.000000
well,115.897079,0.000000,0.000000
as,131.880526,0.000000,0.000000
the,248.069879,0.000000,0.000000
night,162.761141,0.000000,0.000000
and,251.123420,0.000000,0.000000
to,143.615173,0.000000,0.000000
divide,157.401228,0.000000,0.000000
light,144.992037,0.000000,0.000000
from,168.266474,0.000000,0.000000
darkness,132.511873,0.000000,0.000000
And,149.555823,0.000000,0.000000
God,114.755534,0.000000,0.000000
saw,160.170463,0.000000,0.000000
that,159.910735,0.000000,0.000000
it,187.989198,0.000000,0.000000
was,158.371638,0.000000,0.000000
good,121.255017,0.000000,0.000000
And,54.148417,0.000000,0.000000
it,167.295704,0.000000,0.000000
became,152.918205,0.000000,0.000000
evening,184.165311,0.000000,0.000000
and,217.520151,0.000000,0.000000
morning,133.390566,0.000000,0.000000
the,193.567584,0.000000,0.000000
fourth,204.399827,0.000000,0.000000
day,156.678365,0.000000,0.000000
And,51.824635,0.000000,0.000000
it,167.698483,0.000000,0.000000
became,163.055630,0.000000,0.000000
evening,169.816229,0.000000,0.000000
and,211.610317,0.000000,0.000000
morning,147.141352,0.000000,0.000000
the,193.380132,0.000000,0.000000
fifth,141.009143,0.000000,0.000000
day,142.259624,0.000000,0.000000
God,40.383786,0.000000,0.000000
also,148.983761,0.000000,0.000000
said,197.848517,0.000000,0.000000
Let,90.352158,0.000000,0.000000
the,210.119832,0.000000,0.000000
land,177.279183,0.000000,0.000000
produce,178.422407,0.000000,0.000000
living,129.208262,0.000000,0.000000
souls,150.791625,0.000000,0.000000
in,190.464084,0.000000,0.000000
their,246.987627,0.000000,0.000000
kind,152.925489,0.000000,0.000000
cattle,140.803466,0.000000,0.000000
and,225.264844,0.000000,0.000000
animals,140.774897,0.000000,0.000000
and,285.944035,0.000000,0.000000
wild,104.849702,0.000000,0.000000
beasts,133.630247,0.000000,0.000000
of,167.871378,0.000000,0.000000
the,157.173982,0.000000,0.000000
earth,150.957094,0.000000,0.000000
according,168.032702,0.000000,0.000000
to,131.451045,0.000000,0.000000
their,221.021618,0.000000,0.000000
species,154.661694,0.000000,0.000000
And,114.383759,0.000000,0.000000
so,130.621892,0.000000,0.000000
it,154.337193,0.000000,0.000000
became,153.357045,0.000000,0.000000
Truly,42.330899,0.000000,0.000000
the,211.157879,0.000000,0.000000
name,160.120692,0.000000,0.000000
of,210.686558,0.000000,0.000000
the,210.158470,0.000000,0.000000
third,162.886962,0.000000,0.000000
river,59.365572,0.200000,0.400000
is,169.577354,0.000000,0.000000
the,178.854544,0.000000,0.000000
Tigris,110.335392,0.000000,0.000000
it,137.934407,0.000000,0.000000
advances,137.704956,0.000000,0.000000
opposite,126.753989,0.000000,0.000000
the,156.390483,0.000000,0.000000
Assyrians,126.614743,0.000000,0.000000
But,126.327981,0.000000,0.000000
the,210.569873,0.000000,0.000000
fourth,188.701710,0.000000,0.000000
river,77.927887,0.200000,0.400000
it,167.269332,0.000000,0.000000
is,210.008981,0.000000,0.000000
the,179.493634,0.000000,0.000000
Euphrates,103.942662,0.000000,0.000000
Thus,66.292585,0.000000,0.000000
the,211.757010,0.000000,0.000000
Lord,82.042752,0.000000,0.000000
God,115.823963,0.000000,0.000000
brought,179.169946,0.000000,0.000000
the,17.710516,1.666667,2.333333
man,97.178332,0.000000,0.000000
and,258.176494,0.000000,0.000000
put,120.522854,0.000000,0.000000
him,140.663512,0.000000,0.000000
into,209.489190,0.000000,0.000000
the,211.163476,0.000000,0.000000
Paradise,88.826032,0.000000,0.000000
of,153.247398,0.000000,0.000000
enjoyment,140.377105,0.000000,0.000000
so,141.087191,0.000000,0.000000
that,166.674264,0.000000,0.000000
it,168.550475,0.000000,0.000000
would,209.721015,0.000000,0.000000
be,144.397594,0.000000,0.000000
attended,153.442712,0.000000,0.000000
and,227.986808,0.000000,0.000000
preserved,143.505276,0.000000,0.000000
by,56.696122,0.000000,0.000000
him,109.570530,0.000000,0.000000
And,51.415366,0.000000,0.000000
he,152.620179,0.000000,0.000000
instructed,55.148468,0.400000,0.500000
him,132.703578,0.000000,0.000000
saying,173.113278,0.000000,0.000000
From,101.831501,0.000000,0.000000
every,34.620102,0.600000,0.800000
tree,119.255086,0.000000,0.000000
of,167.825225,0.000000,0.000000
Paradise,135.410104,0.000000,0.000000
you,134.131269,0.000000,0.000000
shall,156.487397,0.000000,0.000000
eat,177.905091,0.000000,0.000000
And,115.362788,0.000000,0.000000
God,100.657286,0.000000,0.000000
made,153.079041,0.000000,0.000000
the,70.893658,0.000000,0.000000
wild,134.511522,0.000000,0.000000
beasts,137.368803,0.000000,0.000000
of,170.801315,0.000000,0.000000
the,179.082497,0.000000,0.000000
earth,37.380044,0.800000,1.200000
according,171.604962,0.000000,0.000000
to,128.611382,0.000000,0.000000
their,236.139089,0.000000,0.000000
species,57.802830,0.285714,0.571429
and,213.017773,0.000000,0.000000
the,229.646095,0.000000,0.000000
cattle,130.194531,0.000000,0.000000
and,193.184649,0.000000,0.000000
every,157.199000,0.000000,0.000000
animal,180.245237,0.000000,0.000000
on,164.974202,0.000000,0.000000
the,230.011611,0.000000,0.000000
land,179.006425,0.000000,0.000000
according,59.728959,0.333333,0.666667
to,114.047489,0.000000,0.000000
its,193.490937,0.000000,0.000000
kind,160.791365,0.000000,0.000000
And,120.087244,0.000000,0.000000
God,110.537885,0.000000,0.000000
saw,157.027936,0.000000,0.000000
that,168.110104,0.000000,0.000000
it,183.810866,0.000000,0.000000
was,170.667104,0.000000,0.000000
good,111.739636,0.000000,0.000000
And,105.385217,0.000000,0.000000
he,139.436399,0.000000,0.000000
said,223.782826,0.000000,0.000000
Let,93.481591,0.000000,0.000000
us,185.036832,0.000000,0.000000
make,200.727763,0.000000,0.000000
Man,114.438249,0.000000,0.000000
to,112.374461,0.000000,0.000000
our,94.160987,0.000000,0.000000
image,136.855100,0.000000,0.000000
and,178.698091,0.000000,0.000000
likeness,116.505386,0.000000,0.000000
And,180.340615,0.000000,0.000000
let,125.626705,0.000000,0.000000
him,135.058864,0.000000,0.000000
rule,146.104939,0.000000,0.000000
over,168.554039,0.000000,0.000000
the,193.917662,0.000000,0.000000
fish,152.527912,0.000000,0.000000
of,168.443738,0.000000,0.000000
the,193.472855,0.000000,0.000000
sea,180.012385,0.000000,0.000000
and,252.749032,0.000000,0.000000
the,206.088852,0.000000,0.000000
flying,162.850006,0.000000,0.000000
creatures,195.438584,0.000000,0.000000
of,184.829253,0.000000,0.000000
the,212.541131,0.000000,0.000000
air,15.621854,2.666667,3.333333
and,227.784836,0.000000,0.000000
the,169.247981,0.000000,0.000000
wild,186.500363,0.000000,0.000000
beasts,48.547593,0.500000,0.666667
and,233.814111,0.000000,0.000000
the,147.964532,0.000000,0.000000
entire,168.328635,0.000000,0.000000
earth,163.411104,0.000000,0.000000
and,228.235064,0.000000,0.000000
every,160.358059,0.000000,0.000000
animal,175.182683,0.000000,0.000000
that,159.994767,0.000000,0.000000
moves,155.874777,0.000000,0.000000
on,164.784144,0.000000,0.000000
the,198.843630,0.000000,0.000000
earth,168.272986,0.000000,0.000000
And,98.889643,0.000000,0.000000
God,104.868582,0.000000,0.000000
created,235.138782,0.000000,0.000000
man,140.370600,0.000000,0.000000
to,173.446253,0.000000,0.000000
his,157.939942,0.000000,0.000000
own,228.375255,0.000000,0.000000
image,168.943981,0.000000,0.000000
to,154.133085,0.000000,0.000000
the,212.770437,0.000000,0.000000
image,182.450934,0.000000,0.000000
of,189.088101,0.000000,0.000000
God,121.851926,0.000000,0.000000
he,130.429261,0.000000,0.000000
created,226.209778,0.000000,0.000000
him,140.867817,0.000000,0.000000
male,101.989610,0.000000,0.000000
and,257.868654,0.000000,0.000000
female,148.916543,0.000000,0.000000
he,167.121682,0.000000,0.000000
created,245.182160,0.000000,0.000000
them,189.504280,0.000000,0.000000
And,127.769453,0.000000,0.000000
God,70.017519,0.000000,0.000000
blessed,126.099435,0.000000,0.000000
them,175.105559,0.000000,0.000000
and,229.730255,0.000000,0.000000
he,140.004803,0.000000,0.000000
said,240.005121,0.000000,0.000000
Increase,19.900956,1.625000,2.750000
and,251.580270,0.000000,0.000000
multiply,120.453671,0.000000,0.000000
and,252.186750,0.000000,0.000000
fill,121.126883,0.000000,0.000000
the,209.581509,0.000000,0.000000
earth,190.833005,0.000000,0.000000
and,259.523198,0.000000,0.000000
subdue,93.815382,0.000000,0.000000
it,168.703482,0.000000,0.000000
and,229.943987,0.000000,0.000000
have,152.915993,0.000000,0.000000
dominion,163.824119,0.000000,0.000000
over,161.832755,0.000000,0.000000
the,193.415562,0.000000,0.000000
fish,139.950615,0.000000,0.000000
of,138.587048,0.000000,0.000000
the,197.606219,0.000000,0.000000
sea,229.886553,0.000000,0.000000
and,210.423673,0.000000,0.000000
the,226.192366,0.000000,0.000000
flying,175.570978,0.000000,0.000000
creatures,193.651846,0.000000,0.000000
of,209.720236,0.000000,0.000000
the,210.649335,0.000000,0.000000
air,209.479013,0.000000,0.000000
and,253.595918,0.000000,0.000000
over,93.402503,0.000000,0.000000
every,132.505734,0.000000,0.000000
living,163.062223,0.000000,0.000000
thing,213.084724,0.000000,0.000000
that,186.545716,0.000000,0.000000
moves,190.351672,0.000000,0.000000
upon,160.079762,0.000000,0.000000
the,142.196787,0.000000,0.000000
earth,169.059431,0.000000,0.000000
And,72.215169,0.000000,0.000000
God,105.941189,0.000000,0.000000
said,146.713740,0.000000,0.000000
Behold,130.417915,0.000000,0.000000
I,120.241695,0.000000,0.000000
have,224.982821,0.000000,0.000000
given,70.256499,0.200000,0.400000
you,157.038401,0.000000,0.000000
every,28.137275,0.800000,1.600000
seed,147.908618,0.000000,0.000000
bearing,190.027262,0.000000,0.000000
plant,208.214078,0.000000,0.000000
upon,147.432817,0.000000,0.000000
the,210.631510,0.000000,0.000000
earth,190.714358,0.000000,0.000000
and,281.085174,0.000000,0.000000
all,133.891869,0.000000,0.000000
the,208.905728,0.000000,0.000000
trees,33.562159,1.400000,2.000000
that,186.904863,0.000000,0.000000
have,186.806956,0.000000,0.000000
in,185.155867,0.000000,0.000000
themselves,172.669209,0.000000,0.000000
the,228.945600,0.000000,0.000000
ability,148.184026,0.000000,0.000000
to,186.835150,0.000000,0.000000
sow,147.161232,0.000000,0.000000
their,222.522731,0.000000,0.000000
own,141.517816,0.000000,0.000000
kind,159.925582,0.000000,0.000000
to,11.726906,3.000000,4.500000
be,129.312533,0.000000,0.000000
food,72.201376,0.000000,0.000000
for,149.056592,0.000000,0.000000
you,168.299566,0.000000,0.000000
and,126.986785,0.000000,0.000000
for,166.615304,0.000000,0.000000
all,149.076568,0.000000,0.000000
the,191.136842,0.000000,0.000000
animals,151.932542,0.000000,0.000000
of,210.590884,0.000000,0.000000
the,231.999221,0.000000,0.000000
land,197.162702,0.000000,0.000000
and,232.826995,0.000000,0.000000
for,179.968328,0.000000,0.000000
all,132.817985,0.000000,0.000000
the,229.022242,0.000000,0.000000
flying,195.643069,0.000000,0.000000
things,255.539483,0.000000,0.000000
of,152.995885,0.000000,0.000000
the,230.539023,0.000000,0.000000
air,234.404665,0.000000,0.000000
and,209.379762,0.000000,0.000000
for,148.784236,0.000000,0.000000
everything,191.767879,0.000000,0.000000
that,186.489799,0.000000,0.000000
moves,168.197633,0.000000,0.000000
upon,181.012982,0.000000,0.000000
the,227.328091,0.000000,0.000000
earth,191.821179,0.000000,0.000000
and,276.307447,0.000000,0.000000
in,32.527284,1.000000,2.000000
which,175.207189,0.000000,0.000000
there,124.509218,0.000000,0.000000
is,210.220375,0.000000,0.000000
a,119.884775,0.000000,0.000000
living,167.607405,0.000000,0.000000
soul,179.382939,0.000000,0.000000
so,121.137350,0.000000,0.000000
that,176.878671,0.000000,0.000000
they,224.842883,0.000000,0.000000
may,183.147874,0.000000,0.000000
have,200.776688,0.000000,0.000000
these,182.760621,0.000000,0.000000
on,214.111617,0.000000,0.000000
which,169.973278,0.000000,0.000000
to,152.939759,0.000000,0.000000
feed,101.950408,0.000000,0.000000
And,114.077045,0.000000,0.000000
so,138.968847,0.000000,0.000000
it,183.969045,0.000000,0.000000
became,169.681154,0.000000,0.000000
And,109.964746,0.000000,0.000000
God,114.591171,0.000000,0.000000
saw,150.636220,0.000000,0.000000
everything,205.310328,0.000000,0.000000
that,154.638015,0.000000,0.000000
he,152.049181,0.000000,0.000000
had,133.431091,0.000000,0.000000
made,158.842552,0.000000,0.000000
And,141.089942,0.000000,0.000000
they,224.127414,0.000000,0.000000
were,159.419631,0.000000,0.000000
very,135.870891,0.000000,0.000000
good,140.595875,0.000000,0.000000
And,140.051998,0.000000,0.000000
it,167.828543,0.000000,0.000000
became,164.424488,0.000000,0.000000
evening,179.254892,0.000000,0.000000
and,251.323066,0.000000,0.000000
morning,159.410879,0.000000,0.000000
the,254.317258,0.000000,0.000000
sixth,75.355609,0.200000,0.400000
day,140.815713,0.000000,0.000000
And,131.706757,0.000000,0.000000
so,169.118102,0.000000,0.000000
the,250.957861,0.000000,0.000000
heavens,191.064284,0.000000,0.000000
and,192.752193,0.000000,0.000000
the,255.262714,0.000000,0.000000
earth,190.002805,0.000000,0.000000
were,160.809863,0.000000,0.000000
completed,160.941832,0.000000,0.000000
with,177.115577,0.000000,0.000000
all,160.054277,0.000000,0.000000
their,234.362690,0.000000,0.000000
adornment,135.768710,0.000000,0.000000
And,127.712979,0.000000,0.000000
on,167.949227,0.000000,0.000000
the,212.644191,0.000000,0.000000
seventh,143.258525,0.000000,0.000000
day,134.585660,0.000000,0.000000
God,120.015254,0.000000,0.000000
fulfilled,61.798704,0.333333,0.666667
his,149.023361,0.000000,0.000000
work,160.664203,0.000000,0.000000
which,194.513562,0.000000,0.000000
he,129.757158,0.000000,0.000000
had,148.139779,0.000000,0.000000
made,120.391681,0.000000,0.000000
And,61.742952,0.000000,0.000000
on,183.163536,0.000000,0.000000
the,180.999738,0.000000,0.000000
seventh,137.741754,0.000000,0.000000
day,148.284257,0.000000,0.000000
he,129.833563,0.000000,0.000000
rested,164.025267,0.000000,0.000000
from,160.317458,0.000000,0.000000
all,148.881406,0.000000,0.000000
his,184.050310,0.000000,0.000000
work,160.735252,0.000000,0.000000
which,168.497741,0.000000,0.000000
he,142.872238,0.000000,0.000000
had,132.304977,0.000000,0.000000
accomplished,163.195238,0.000000,0.000000
And,134.458119,0.000000,0.000000
he,152.242947,0.000000,0.000000
blessed,154.959806,0.000000,0.000000
the,214.067278,0.000000,0.000000
seventh,139.514906,0.000000,0.000000
day,158.781914,0.000000,0.000000
and,229.088508,0.000000,0.000000
sanctified,129.559343,0.000000,0.000000
it,170.450028,0.000000,0.000000
For,148.109684,0.000000,0.000000
in,21.099430,1.000000,2.000000
it,185.226291,0.000000,0.000000
he,140.586465,0.000000,0.000000
had,150.619962,0.000000,0.000000
ceased,109.719901,0.000000,0.000000
from,145.425783,0.000000,0.000000
all,150.064931,0.000000,0.000000
his,24.084427,1.333333,2.666667
work,134.590751,0.000000,0.000000
the,228.591593,0.000000,0.000000
work,160.772796,0.000000,0.000000
whereby,125.871469,0.000000,0.000000
God,44.142342,0.333333,0.666667
created,229.858897,0.000000,0.000000
whatever,27.306697,1.000000,2.000000
he,139.687965,0.000000,0.000000
should,229.737653,0.000000,0.000000
make,201.053740,0.000000,0.000000
These,114.237651,0.000000,0.000000
are,230.438846,0.000000,0.000000
the,182.236993,0.000000,0.000000
generations,171.632428,0.000000,0.000000
of,152.276728,0.000000,0.000000
heaven,148.043787,0.000000,0.000000
and,236.691657,0.000000,0.000000
earth,168.403844,0.000000,0.000000
when,152.594118,0.000000,0.000000
they,224.019161,0.000000,0.000000
were,187.129710,0.000000,0.000000
created,210.337063,0.000000,0.000000
in,185.610531,0.000000,0.000000
the,218.737003,0.000000,0.000000
day,22.769811,2.333333,3.000000
when,62.398420,0.250000,0.500000
the,209.871591,0.000000,0.000000
Lord,146.277702,0.000000,0.000000
God,125.882043,0.000000,0.000000
made,146.252335,0.000000,0.000000
heaven,168.060514,0.000000,0.000000
and,255.577449,0.000000,0.000000
earth,183.366555,0.000000,0.000000
and,157.650077,0.000000,0.000000
every,141.682522,0.000000,0.000000
sapling,146.994682,0.000000,0.000000
of,187.258986,0.000000,0.000000
the,234.162376,0.000000,0.000000
field,219.480503,0.000000,0.000000
before,168.524212,0.000000,0.000000
it,172.988149,0.000000,0.000000
would,209.171032,0.000000,0.000000
rise,116.011051,0.000000,0.000000
up,100.780524,0.000000,0.000000
in,152.700261,0.000000,0.000000
the,210.607402,0.000000,0.000000
land,176.928375,0.000000,0.000000
and,195.484106,0.000000,0.000000
every,160.567004,0.000000,0.000000
wild,159.824092,0.000000,0.000000
plant,156.849170,0.000000,0.000000
before,168.538926,0.000000,0.000000
it,185.748193,0.000000,0.000000
would,210.904492,0.000000,0.000000
germinate,142.877102,0.000000,0.000000
For,150.150064,0.000000,0.000000
the,193.880766,0.000000,0.000000
Lord,105.065056,0.000000,0.000000
God,121.939838,0.000000,0.000000
had,140.020128,0.000000,0.000000
not,126.248643,0.000000,0.000000
brought,210.548776,0.000000,0.000000
rain,197.535250,0.000000,0.000000
upon,146.306391,0.000000,0.000000
the,227.632779,0.000000,0.000000
earth,184.778393,0.000000,0.000000
and,253.395666,0.000000,0.000000
there,221.881494,0.000000,0.000000
was,181.984762,0.000000,0.000000
no,119.928221,0.000000,0.000000
man,158.360157,0.000000,0.000000
to,129.438652,0.000000,0.000000
work,152.264713,0.000000,0.000000
the,251.406457,0.000000,0.000000
land,180.358777,0.000000,0.000000
But,105.876416,0.000000,0.000000
a,266.670945,0.000000,0.000000
fountain,199.349121,0.000000,0.000000
ascended,152.758544,0.000000,0.000000
from,170.620026,0.000000,0.000000
the,228.048956,0.000000,0.000000
earth,200.525199,0.000000,0.000000
irrigating,159.431092,0.000000,0.000000
the,282.150202,0.000000,0.000000
entire,140.660616,0.000000,0.000000
surface,62.120595,0.142857,0.285714
of,190.483798,0.000000,0.000000
the,233.740301,0.000000,0.000000
land,186.659530,0.000000,0.000000
And,139.990211,0.000000,0.000000
then,186.549128,0.000000,0.000000
the,208.378674,0.000000,0.000000
Lord,142.701252,0.000000,0.000000
God,131.891777,0.000000,0.000000
formed,140.093898,0.000000,0.000000
man,150.870280,0.000000,0.000000
from,176.295682,0.000000,0.000000
the,256.071937,0.000000,0.000000
clay,187.117426,0.000000,0.000000
of,166.312557,0.000000,0.000000
the,20.462957,2.333333,3.333333
earth,149.329326,0.000000,0.000000
and,279.225920,0.000000,0.000000
he,152.028655,0.000000,0.000000
breathed,197.784830,0.000000,0.000000
into,258.212426,0.000000,0.000000
his,183.592141,0.000000,0.000000
face,168.570384,0.000000,0.000000
the,251.178421,0.000000,0.000000
breath,229.921505,0.000000,0.000000
of,171.688351,0.000000,0.000000
life,105.119770,0.000000,0.000000
and,230.778375,0.000000,0.000000
man,97.795218,0.000000,0.000000
became,152.886909,0.000000,0.000000
a,281.220483,0.000000,0.000000
living,175.129822,0.000000,0.000000
soul,186.649499,0.000000,0.000000
Now,50.799611,0.000000,0.000000
the,232.241703,0.000000,0.000000
Lord,134.428617,0.000000,0.000000
God,127.592653,0.000000,0.000000
had,126.374990,0.000000,0.000000
planted,150.619604,0.000000,0.000000
a,428.355369,0.000000,0.000000
Paradise,105.602630,0.000000,0.000000
of,211.432648,0.000000,0.000000
enjoyment,172.651824,0.000000,0.000000
from,168.315977,0.000000,0.000000
the,74.763832,0.000000,0.000000
beginning,151.526954,0.000000,0.000000
In,120.552916,0.000000,0.000000
it,168.615063,0.000000,0.000000
he,92.982621,0.000000,0.000000
placed,159.255159,0.000000,0.000000
the,252.287533,0.000000,0.000000
man,169.321047,0.000000,0.000000
whom,160.746245,0.000000,0.000000
he,121.160774,0.000000,0.000000
had,133.237492,0.000000,0.000000
formed,148.016631,0.000000,0.000000
And,156.996507,0.000000,0.000000
from,160.368271,0.000000,0.000000
the,286.766397,0.000000,0.000000
soil,198.731902,0.000000,0.000000
the,19.316940,2.000000,2.666667
Lord,159.617531,0.000000,0.000000
God,114.664690,0.000000,0.000000
produced,183.110003,0.000000,0.000000
every,161.727329,0.000000,0.000000
tree,128.349428,0.000000,0.000000
that,189.965960,0.000000,0.000000
was,167.899107,0.000000,0.000000
beautiful,172.636292,0.000000,0.000000
to,157.048017,0.000000,0.000000
behold,161.946501,0.000000,0.000000
and,279.843356,0.000000,0.000000
pleasant,193.547046,0.000000,0.000000
to,112.544107,0.000000,0.000000
eat,229.698604,0.000000,0.000000
And,168.971631,0.000000,0.000000
even,170.830902,0.000000,0.000000
the,193.361803,0.000000,0.000000
tree,116.552275,0.000000,0.000000
of,168.083834,0.000000,0.000000
life,162.389079,0.000000,0.000000
was,156.348636,0.000000,0.000000
in,169.925308,0.000000,0.000000
the,251.267868,0.000000,0.000000
midst,63.166688,0.000000,0.000000
of,164.773018,0.000000,0.000000
Paradise,135.347209,0.000000,0.000000
and,255.556940,0.000000,0.000000
the,206.668380,0.000000,0.000000
tree,121.448204,0.000000,0.000000
of,152.748665,0.000000,0.000000
the,126.422067,0.000000,0.000000
knowledge,40.854749,0.666667,0.888889
of,140.509874,0.000000,0.000000
good,53.695218,0.250000,0.500000
and,211.371108,0.000000,0.000000
evil,151.166153,0.000000,0.000000
And,132.444911,0.000000,0.000000
a,8.366425,4.000000,8.000000
river,135.933854,0.000000,0.000000
went,141.101961,0.000000,0.000000
forth,161.883380,0.000000,0.000000
from,152.651604,0.000000,0.000000
the,250.965576,0.000000,0.000000
place,31.771780,1.400000,1.800000
of,187.775813,0.000000,0.000000
enjoyment,168.371871,0.000000,0.000000
so,155.031676,0.000000,0.000000
as,210.246912,0.000000,0.000000
to,139.448076,0.000000,0.000000
irrigate,151.141399,0.000000,0.000000
Paradise,141.262863,0.000000,0.000000
which,30.541271,1.200000,2.000000
is,159.003657,0.000000,0.000000
divided,155.482850,0.000000,0.000000
from,152.727741,0.000000,0.000000
there,192.575321,0.000000,0.000000
into,209.751021,0.000000,0.000000
four,209.995118,0.000000,0.000000
heads,168.746308,0.000000,0.000000
The,97.315240,0.000000,0.000000
name,168.456152,0.000000,0.000000
of,184.758449,0.000000,0.000000
one,31.254109,0.666667,1.333333
is,30.198814,0.500000,1.000000
the,225.919770,0.000000,0.000000
Phison,120.782671,0.000000,0.000000
it,128.968422,0.000000,0.000000
is,152.768468,0.000000,0.000000
that,179.716571,0.000000,0.000000
which,183.241136,0.000000,0.000000
runs,146.278965,0.000000,0.000000
through,160.004778,0.000000,0.000000
all,149.251508,0.000000,0.000000
the,206.004647,0.000000,0.000000
land,113.034576,0.000000,0.000000
of,169.340258,0.000000,0.000000
Hevilath,107.187344,0.000000,0.000000
where,175.317580,0.000000,0.000000
gold,198.168068,0.000000,0.000000
is,208.582160,0.000000,0.000000
born,130.041174,0.000000,0.000000
and,97.232284,0.000000,0.000000
the,251.524421,0.000000,0.000000
gold,162.515540,0.000000,0.000000
of,186.429142,0.000000,0.000000
that,175.925878,0.000000,0.000000
land,135.380408,0.000000,0.000000
is,84.553298,0.000000,0.000000
the,181.158874,0.000000,0.000000
finest,158.058633,0.000000,0.000000
In,11.733842,4.000000,5.500000
that,186.418201,0.000000,0.000000
place,202.394017,0.000000,0.000000
is,211.485605,0.000000,0.000000
found,199.881498,0.000000,0.000000
bdellium,103.917379,0.000000,0.000000
and,205.974342,0.000000,0.000000
the,195.083441,0.000000,0.000000
onyx,58.272302,0.000000,0.000000
stone,157.065995,0.000000,0.000000
And,109.065557,0.000000,0.000000
the,216.311517,0.000000,0.000000
name,112.129678,0.000000,0.000000
of,168.643844,0.000000,0.000000
the,32.031881,1.000000,1.333333
second,27.228499,1.166667,2.333333
river,140.600804,0.000000,0.000000
is,210.367086,0.000000,0.000000
the,212.378204,0.000000,0.000000
Gehon,124.500789,0.000000,0.000000
it,185.482732,0.000000,0.000000
is,129.758293,0.000000,0.000000
that,167.702705,0.000000,0.000000
which,167.968538,0.000000,0.000000
runs,74.438541,0.000000,0.000000
through,140.906878,0.000000,0.000000
all,148.225759,0.000000,0.000000
the,192.626815,0.000000,0.000000
land,161.913450,0.000000,0.000000
of,167.862343,0.000000,0.000000
Ethiopia,74.122489,0.125000,0.250000
But,115.032627,0.000000,0.000000
from,37.062743,1.000000,1.250000
the,197.763702,0.000000,0.000000
tree,119.921056,0.000000,0.000000
of,153.446518,0.000000,0.000000
the,157.499557,0.000000,0.000000
knowledge,90.358778,0.111111,0.222222
of,158.201287,0.000000,0.000000
good,134.458732,0.000000,0.000000
and,251.142412,0.000000,0.000000
evil,152.551950,0.000000,0.000000
you,156.189636,0.000000,0.000000
shall,48.999817,0.400000,0.800000
not,125.607775,0.000000,0.000000
eat,82.122349,0.000000,0.000000
For,126.549021,0.000000,0.000000
in,149.453955,0.000000,0.000000
whatever,109.120787,0.000000,0.000000
day,31.167108,1.333333,1.666667
you,114.766048,0.000000,0.000000
will,116.856851,0.000000,0.000000
eat,181.798170,0.000000,0.000000
from,152.485654,0.000000,0.000000
it,188.506461,0.000000,0.000000
you,142.298313,0.000000,0.000000
will,129.457134,0.000000,0.000000
die,180.671312,0.000000,0.000000
a,202.047094,0.000000,0.000000
death,192.959206,0.000000,0.000000
The,52.842864,0.000000,0.000000
Lord,134.373707,0.000000,0.000000
God,114.558789,0.000000,0.000000
also,141.962773,0.000000,0.000000
said,186.010363,0.000000,0.000000
It,14.323745,2.500000,4.000000
is,210.600689,0.000000,0.000000
not,132.902517,0.000000,0.000000
good,23.414833,1.500000,3.000000
for,36.689846,0.000000,0.000000
the,228.282888,0.000000,0.000000
man,158.350159,0.000000,0.000000
to,150.214319,0.000000,0.000000
be,142.777876,0.000000,0.000000
alone,160.716317,0.000000,0.000000
Let,126.345776,0.000000,0.000000
us,172.307742,0.000000,0.000000
make,119.378269,0.000000,0.000000
a,284.311486,0.000000,0.000000
helper,186.750212,0.000000,0.000000
for,167.741905,0.000000,0.000000
him,119.936664,0.000000,0.000000
similar,163.232105,0.000000,0.000000
to,112.164596,0.000000,0.000000
himself,159.064353,0.000000,0.000000
Therefore,23.868277,0.666667,1.555556
the,192.690321,0.000000,0.000000
Lord,129.293173,0.000000,0.000000
God,104.941996,0.000000,0.000000
having,174.973386,0.000000,0.000000
formed,139.389928,0.000000,0.000000
from,147.292769,0.000000,0.000000
the,254.326958,0.000000,0.000000
soil,186.878185,0.000000,0.000000
all,125.586827,0.000000,0.000000
the,234.320786,0.000000,0.000000
animals,143.563280,0.000000,0.000000
of,184.862534,0.000000,0.000000
the,211.593073,0.000000,0.000000
earth,192.626585,0.000000,0.000000
and,284.797045,0.000000,0.000000
all,141.391542,0.000000,0.000000
the,230.552138,0.000000,0.000000
flying,189.256627,0.000000,0.000000
creatures,210.079678,0.000000,0.000000
of,207.495692,0.000000,0.000000
the,228.821714,0.000000,0.000000
air,191.198502,0.000000,0.000000
brought,210.162438,0.000000,0.000000
them,36.664413,0.750000,1.500000
to,156.051847,0.000000,0.000000
Adam,98.944640,0.000000,0.000000
in,153.228898,0.000000,0.000000
order,193.654084,0.000000,0.000000
to,139.994530,0.000000,0.000000
see,120.375139,0.000000,0.000000
what,168.701766,0.000000,0.000000
he,171.927796,0.000000,0.000000
would,222.820877,0.000000,0.000000
call,115.917481,0.000000,0.000000
them,73.713771,0.250000,0.500000
For,31.248356,0.000000,0.000000
whatever,150.660085,0.000000,0.000000
Adam,112.293947,0.000000,0.000000
would,200.336359,0.000000,0.000000
call,130.419758,0.000000,0.000000
any,90.000405,0.000000,0.000000
living,52.127677,0.833333,1.000000
creature,42.436374,0.750000,0.875000
that,179.307673,0.000000,0.000000
would,36.337769,0.800000,1.600000
be,119.572271,0.000000,0.000000
its,197.191470,0.000000,0.000000
name,134.384223,0.000000,0.000000
And,120.440696,0.000000,0.000000
Adam,106.238707,0.000000,0.000000
called,122.802979,0.000000,0.000000
each,310.216470,0.000000,0.000000
of,187.015532,0.000000,0.000000
the,226.869274,0.000000,0.000000
living,173.776497,0.000000,0.000000
things,81.743621,0.000000,0.000000
by,111.919657,0.000000,0.000000
their,237.383900,0.000000,0.000000
names,161.609840,0.000000,0.000000
all,120.043583,0.000000,0.000000
the,235.812347,0.000000,0.000000
flying,180.367458,0.000000,0.000000
creatures,193.603034,0.000000,0.000000
of,187.562540,0.000000,0.000000
the,210.094594,0.000000,0.000000
air,209.575781,0.000000,0.000000
and,252.970988,0.000000,0.000000
all,127.311896,0.000000,0.000000
the,19.751709,2.000000,3.000000
wild,159.940730,0.000000,0.000000
beasts,162.537203,0.000000,0.000000
of,152.578713,0.000000,0.000000
the,179.369555,0.000000,0.000000
land,180.280626,0.000000,0.000000
Yet,114.811437,0.000000,0.000000
truly,116.880109,0.000000,0.000000
for,181.754108,0.000000,0.000000
Adam,108.367306,0.000000,0.000000
there,193.958185,0.000000,0.000000
was,168.355145,0.000000,0.000000
not,131.466776,0.000000,0.000000
found,221.008186,0.000000,0.000000
a,429.328196,0.000000,0.000000
helper,181.284933,0.000000,0.000000
similar,155.156194,0.000000,0.000000
to,132.039152,0.000000,0.000000
himself,140.651406,0.000000,0.000000
And,109.516172,0.000000,0.000000
so,129.432594,0.000000,0.000000
the,194.546218,0.000000,0.000000
Lord,135.760162,0.000000,0.000000
God,120.088039,0.000000,0.000000
sent,44.979641,0.500000,1.000000
a,93.693242,0.000000,0.000000
deep,115.971595,0.000000,0.000000
sleep,105.794290,0.000000,0.000000
upon,139.935500,0.000000,0.000000
Adam,116.892908,0.000000,0.000000
And,157.230491,0.000000,0.000000
when,167.778179,0.000000,0.000000
he,132.068193,0.000000,0.000000
was,167.292938,0.000000,0.000000
fast,168.290548,0.000000,0.000000
asleep,133.546681,0.000000,0.000000
he,152.778631,0.000000,0.000000
took,160.052176,0.000000,0.000000
one,20.595583,2.000000,4.000000
of,105.233228,0.000000,0.000000
his,195.171641,0.000000,0.000000
ribs,147.575312,0.000000,0.000000
and,248.972756,0.000000,0.000000
he,128.799263,0.000000,0.000000
completed,168.889973,0.000000,0.000000
it,140.190069,0.000000,0.000000
with,63.808149,0.000000,0.000000
flesh,139.871573,0.000000,0.000000
for,148.290513,0.000000,0.000000
it,169.419523,0.000000,0.000000
And,151.512853,0.000000,0.000000
the,194.370631,0.000000,0.000000
Lord,167.835185,0.000000,0.000000
God,132.828733,0.000000,0.000000
built,117.530788,0.000000,0.000000
up,88.519008,0.000000,0.000000
the,229.940654,0.000000,0.000000
rib,150.551912,0.000000,0.000000
which,168.488887,0.000000,0.000000
he,111.310266,0.000000,0.000000
took,147.984491,0.000000,0.000000
from,160.125277,0.000000,0.000000
Adam,124.571750,0.000000,0.000000
into,228.711914,0.000000,0.000000
a,119.495425,0.000000,0.000000
woman,156.148581,0.000000,0.000000
And,148.501067,0.000000,0.000000
he,143.408340,0.000000,0.000000
led,167.959480,0.000000,0.000000
her,168.422406,0.000000,0.000000
to,138.748166,0.000000,0.000000
Adam,120.910583,0.000000,0.000000
And,121.383897,0.000000,0.000000
Adam,86.249450,0.000000,0.000000
said,26.385446,0.000000,0.250000
Now,96.925056,0.000000,0.000000
this,228.024213,0.000000,0.000000
is,186.194526,0.000000,0.000000
bone,109.107892,0.000000,0.000000
from,176.873972,0.000000,0.000000
my,130.372559,0.000000,0.000000
bones,174.932434,0.000000,0.000000
and,251.270848,0.000000,0.000000
flesh,185.210147,0.000000,0.000000
from,177.402767,0.000000,0.000000
my,128.794916,0.000000,0.000000
flesh,209.915735,0.000000,0.000000
This,136.041141,0.000000,0.000000
one,97.042271,0.000000,0.000000
shall,151.671811,0.000000,0.000000
be,152.932935,0.000000,0.000000
called,140.063693,0.000000,0.000000
woman,28.503781,1.200000,2.400000
because,155.906709,0.000000,0.000000
she,210.111676,0.000000,0.000000
was,39.566229,0.666667,1.333333
taken,200.259241,0.000000,0.000000
from,168.344432,0.000000,0.000000
man,150.483231,0.000000,0.000000
For,129.279043,0.000000,0.000000
this,200.551286,0.000000,0.000000
reason,180.047253,0.000000,0.000000
a,249.360199,0.000000,0.000000
man,33.908621,1.000000,2.000000
shall,101.095138,0.000000,0.000000
leave,41.706339,0.800000,1.000000
behind,157.751869,0.000000,0.000000
his,174.720951,0.000000,0.000000
father,175.783882,0.000000,0.000000
and,214.910015,0.000000,0.000000
mother,166.691374,0.000000,0.000000
and,226.077064,0.000000,0.000000
he,148.569351,0.000000,0.000000
shall,147.143487,0.000000,0.000000
cling,175.300868,0.000000,0.000000
to,142.265092,0.000000,0.000000
his,155.383641,0.000000,0.000000
wife,133.374038,0.000000,0.000000
and,205.773801,0.000000,0.000000
the,268.433576,0.000000,0.000000
two,109.867970,0.000000,0.000000
shall,97.089503,0.000000,0.000000
be,130.476286,0.000000,0.000000
as,111.268217,0.000000,0.000000
one,156.216318,0.000000,0.000000
flesh,197.044794,0.000000,0.000000
Now,111.770073,0.000000,0.000000
they,35.055745,0.250000,0.750000
were,166.935313,0.000000,0.000000
both,35.299994,0.500000,1.000000
naked,167.037852,0.000000,0.000000
Adam,111.621667,0.000000,0.000000
of,186.934501,0.000000,0.000000
course,191.863199,0.000000,0.000000
and,99.979950,0.000000,0.000000
his,25.382832,1.333333,2.666667
wife,98.818932,0.000000,0.000000
And,140.680831,0.000000,0.000000
they,182.036690,0.000000,0.000000
were,153.875843,0.000000,0.000000
not,155.203333,0.000000,0.000000
ashamed,172.154499,0.000000,0.000000
However,122.452172,0.000000,0.000000
the,251.274343,0.000000,0.000000
serpent,142.416580,0.000000,0.000000
was,135.144804,0.000000,0.000000
more,166.810926,0.000000,0.000000
crafty,124.913939,0.000000,0.000000
than,154.093632,0.000000,0.000000
any,167.206349,0.000000,0.000000
of,198.955372,0.000000,0.000000
the,172.435047,0.000000,0.000000
creatures,128.849601,0.000000,0.000000
of,43.996784,0.500000,1.000000
the,251.788971,0.000000,0.000000
earth,186.717413,0.000000,0.000000
that,147.246910,0.000000,0.000000
the,235.125838,0.000000,0.000000
Lord,149.328861,0.000000,0.000000
God,115.370159,0.000000,0.000000
had,122.108693,0.000000,0.000000
made,114.996641,0.000000,0.000000
And,160.868259,0.000000,0.000000
he,150.006525,0.000000,0.000000
said,198.838646,0.000000,0.000000
to,142.925853,0.000000,0.000000
the,187.642052,0.000000,0.000000
woman,36.796643,0.800000,1.600000
Why,86.548503,0.000000,0.000000
has,187.313402,0.000000,0.000000
God,98.079099,0.000000,0.000000
instructed,122.919126,0.000000,0.000000
you,149.440797,0.000000,0.000000
that,170.955340,0.000000,0.000000
you,194.311367,0.000000,0.000000
should,224.463772,0.000000,0.000000
not,128.843700,0.000000,0.000000
eat,236.838096,0.000000,0.000000
from,163.160456,0.000000,0.000000
every,46.523594,0.600000,1.200000
tree,125.184302,0.000000,0.000000
of,71.663620,0.000000,0.000000
Paradise,129.020344,0.000000,0.000000
The,10.511757,3.666667,9.000000
woman,153.190172,0.000000,0.000000
responded,187.236869,0.000000,0.000000
to,107.049026,0.000000,0.000000
him,128.595296,0.000000,0.000000
From,100.024837,0.000000,0.000000
the,237.260872,0.000000,0.000000
fruit,171.187578,0.000000,0.000000
of,187.482068,0.000000,0.000000
the,234.441063,0.000000,0.000000
trees,129.387033,0.000000,0.000000
which,144.445966,0.000000,0.000000
are,173.833366,0.000000,0.000000
in,187.830131,0.000000,0.000000
Paradise,136.212670,0.000000,0.000000
we,103.181768,0.000000,0.000000
eat,166.766484,0.000000,0.000000
Yet,46.939236,0.000000,0.000000
truly,18.205585,2.000000,3.000000
from,47.245208,0.500000,1.000000
the,250.364548,0.000000,0.000000
fruit,169.952151,0.000000,0.000000
of,177.615266,0.000000,0.000000
the,235.471685,0.000000,0.000000
tree,120.244472,0.000000,0.000000
which,23.014429,1.200000,1.600000
is,150.148162,0.000000,0.000000
in,135.621351,0.000000,0.000000
the,150.041272,0.000000,0.000000
middle,142.954504,0.000000,0.000000
of,149.480967,0.000000,0.000000
Paradise,140.934710,0.000000,0.000000
God,83.165669,0.000000,0.000000
has,150.189807,0.000000,0.000000
instructed,124.977177,0.000000,0.000000
us,44.136261,0.000000,0.000000
that,161.883173,0.000000,0.000000
we,115.074149,0.000000,0.000000
should,161.384185,0.000000,0.000000
not,131.966795,0.000000,0.000000
eat,214.357302,0.000000,0.000000
and,236.279094,0.000000,0.000000
that,181.555406,0.000000,0.000000
we,83.715540,0.000000,0.000000
should,225.570408,0.000000,0.000000
not,140.226075,0.000000,0.000000
touch,198.392746,0.000000,0.000000
it,93.510187,0.000000,0.000000
lest,150.045696,0.000000,0.000000
perhaps,128.336082,0.000000,0.000000
we,159.467747,0.000000,0.000000
may,149.755552,0.000000,0.000000
die,136.691241,0.000000,0.000000
